id,id_enfermera,fecha_hora,ip_address
1,56,2024-10-01 08:08:41.925313,216.9.96.65
2,53,2024-10-13 15:36:41.925313,245.69.164.102
3,14,2024-10-13 14:09:41.925313,181.228.158.134
4,50,2024-10-20 23:50:41.925313,178.162.179.5
5,34,2024-09-29 08:22:41.925313,170.90.45.174
6,95,2024-10-09 10:58:41.925313,178.61.45.214
7,80,2024-10-19 15:57:41.925313,111.82.231.204
8,81,2024-10-25 13:14:41.925313,213.115.118.197
9,68,2024-10-23 22:25:41.925313,233.189.19.202
10,36,2024-10-20 12:27:41.925313,222.177.203.16
11,29,2024-10-27 21:14:41.925313,186.8.71.16
12,34,2024-10-20 05:32:41.925313,138.141.155.55
13,31,2024-10-04 10:15:41.925313,193.99.64.50
14,65,2024-09-30 08:29:41.925313,237.47.1.185
15,65,2024-10-19 22:18:41.926158,142.208.71.115
16,53,2024-10-28 09:03:41.926158,190.0.241.77
17,36,2024-09-29 23:25:41.926158,169.164.65.25
18,57,2024-10-02 04:21:41.926158,208.76.116.31
19,28,2024-10-01 08:03:41.926158,228.120.110.66
20,78,2024-10-29 04:25:41.926158,203.127.181.213
21,76,2024-10-12 05:20:41.926158,249.14.242.62
22,44,2024-10-16 01:36:41.926158,212.90.22.239
23,22,2024-10-29 01:08:41.926158,246.225.202.12
24,97,2024-10-18 15:33:41.926158,119.76.254.187
25,31,2024-10-17 03:59:41.926158,225.46.139.64
26,60,2024-10-24 01:44:41.926158,254.77.107.173
27,26,2024-10-12 00:13:41.926158,117.123.14.236
28,59,2024-10-03 17:46:41.926158,161.155.199.45
29,89,2024-10-07 03:09:41.926158,213.176.122.105
30,80,2024-10-15 16:35:41.926158,217.236.8.142
31,90,2024-10-13 19:38:41.926158,155.140.214.250
32,5,2024-10-24 16:07:41.926158,205.41.175.76
33,29,2024-10-05 05:16:41.926158,199.92.159.200
34,37,2024-10-02 17:49:41.926158,117.133.40.144
35,99,2024-10-20 05:09:41.926158,174.90.67.54
36,41,2024-10-03 22:15:41.926158,174.57.107.137
37,69,2024-09-29 06:22:41.926158,198.5.237.132
38,90,2024-10-03 16:51:41.926158,111.14.44.89
39,52,2024-10-09 12:56:41.926158,211.138.175.111
40,29,2024-10-09 04:46:41.926158,161.137.122.238
41,85,2024-10-20 03:12:41.926158,147.235.221.57
42,38,2024-10-06 01:32:41.926158,214.144.172.179
43,88,2024-10-22 15:41:41.926158,225.76.22.133
44,86,2024-10-01 15:19:41.926158,107.204.229.94
45,20,2024-10-10 07:04:41.926158,171.167.125.43
46,19,2024-10-15 06:19:41.926158,205.169.190.52
47,83,2024-10-10 16:55:41.926158,138.89.49.151
48,96,2024-10-13 23:57:41.926158,251.235.200.127
49,65,2024-10-09 20:03:41.926158,184.113.126.71
50,48,2024-10-01 13:28:41.926158,234.203.173.82
51,31,2024-10-13 03:15:41.926158,105.45.170.242
52,79,2024-10-09 04:57:41.926158,249.76.165.80
53,52,2024-10-10 12:09:41.926158,123.15.50.214
54,74,2024-10-08 14:05:41.926158,125.254.229.235
55,55,2024-10-03 12:59:41.926158,221.153.241.140
56,61,2024-10-13 08:32:41.926158,138.146.99.198
57,72,2024-10-07 03:23:41.926158,129.152.150.85
58,27,2024-10-23 22:49:41.926158,152.108.20.105
59,92,2024-10-14 05:51:41.926158,208.251.233.193
60,7,2024-09-29 18:54:41.926158,250.57.160.148
61,50,2024-10-07 09:44:41.926158,127.227.152.219
62,58,2024-09-30 06:38:41.926158,108.45.235.223
63,26,2024-10-22 23:39:41.926158,221.67.162.103
64,73,2024-10-13 01:54:41.926158,202.246.150.241
65,4,2024-10-09 18:04:41.926158,234.138.90.72
66,84,2024-10-26 14:49:41.926158,204.30.28.54
67,80,2024-10-08 05:34:41.926158,233.177.233.162
68,89,2024-10-11 02:34:41.926158,205.184.181.72
69,47,2024-09-29 01:46:41.926158,219.148.207.27
70,77,2024-10-06 14:08:41.926158,150.51.37.223
71,2,2024-10-04 11:52:41.926158,246.255.33.166
72,54,2024-10-03 01:07:41.926158,178.255.35.165
73,90,2024-10-24 11:30:41.926158,133.159.229.231
74,100,2024-10-04 23:10:41.926158,241.187.139.101
75,51,2024-10-04 19:20:41.926158,174.150.64.180
76,52,2024-10-10 19:16:41.926158,115.242.13.123
77,100,2024-10-25 21:28:41.926158,146.132.96.169
78,17,2024-10-06 12:12:41.926158,116.174.254.195
79,71,2024-09-30 23:26:41.926158,201.228.197.121
80,88,2024-10-01 10:03:41.926158,178.94.177.58
81,82,2024-10-02 19:31:41.926158,227.44.221.207
82,81,2024-10-16 18:47:41.926158,249.75.12.124
83,81,2024-10-06 05:27:41.926158,110.65.228.66
84,60,2024-10-09 11:23:41.926158,212.28.96.65
85,75,2024-09-29 10:33:41.926158,169.210.246.142
86,93,2024-10-27 15:27:41.926158,254.208.163.52
87,75,2024-09-28 17:05:41.926158,204.224.106.173
88,73,2024-10-19 14:28:41.926158,165.132.53.122
89,88,2024-10-01 21:10:41.926158,151.13.234.52
90,100,2024-10-23 19:12:41.926158,119.37.147.188
91,22,2024-10-29 00:33:41.926158,133.251.22.210
92,34,2024-10-21 21:17:41.926158,169.123.109.127
93,20,2024-10-10 17:11:41.926158,239.99.48.93
94,22,2024-10-28 17:49:41.926158,135.132.108.210
95,50,2024-10-17 02:17:41.926158,218.121.54.214
96,44,2024-10-27 11:02:41.926158,163.74.166.187
97,98,2024-10-08 00:11:41.926158,149.26.7.58
98,20,2024-10-23 01:04:41.926158,236.68.156.37
99,41,2024-10-19 19:12:41.926158,134.182.42.7
100,83,2024-10-11 05:59:41.926158,232.77.223.66
101,75,2024-10-02 12:12:41.926158,106.112.81.124
102,82,2024-10-13 12:57:41.926158,120.111.2.47
103,90,2024-10-07 19:42:41.926158,107.81.32.229
104,26,2024-10-17 12:37:41.926158,129.220.90.48
105,51,2024-10-05 00:45:41.926158,156.89.82.10
106,60,2024-10-27 17:29:41.926158,235.52.105.246
107,86,2024-10-09 16:35:41.926158,188.199.36.33
108,84,2024-10-15 06:47:41.926158,103.210.28.196
109,80,2024-10-29 05:27:41.926158,155.32.233.57
110,23,2024-09-30 19:04:41.926158,240.5.207.55
111,29,2024-10-05 00:38:41.926158,227.36.100.143
112,79,2024-10-18 14:40:41.926158,120.214.154.108
113,55,2024-10-10 08:20:41.926158,109.68.49.179
114,5,2024-10-05 21:10:41.926158,238.124.255.41
115,22,2024-10-17 06:27:41.926158,222.93.220.181
116,22,2024-10-13 05:56:41.926158,129.202.178.134
117,11,2024-10-25 11:18:41.926158,230.214.5.220
118,62,2024-10-21 04:32:41.926158,247.249.39.195
119,39,2024-10-28 01:54:41.926158,208.52.106.209
120,28,2024-10-21 07:56:41.926158,147.145.20.234
121,42,2024-10-08 23:18:41.926158,228.170.62.83
122,96,2024-10-08 21:52:41.926158,129.159.158.10
123,39,2024-10-23 20:45:41.926158,191.221.105.146
124,12,2024-10-13 05:46:41.926158,253.222.93.191
125,28,2024-10-27 18:13:41.926158,172.187.97.53
126,29,2024-10-08 11:07:41.926158,185.57.46.216
127,2,2024-10-28 16:20:41.926158,186.230.62.174
128,33,2024-10-29 09:46:41.926158,238.155.112.211
129,93,2024-10-09 23:12:41.926158,234.53.102.8
130,5,2024-10-04 04:30:41.926158,209.91.210.250
131,39,2024-10-27 12:41:41.926158,214.103.74.240
132,13,2024-10-07 21:46:41.926158,233.187.148.228
133,94,2024-10-15 17:52:41.926158,125.103.135.107
134,71,2024-10-16 22:56:41.926158,220.215.29.72
135,27,2024-09-29 17:03:41.926158,111.35.35.181
136,61,2024-10-08 06:49:41.926158,176.16.196.190
137,50,2024-10-03 01:55:41.926158,186.178.30.44
138,63,2024-10-13 13:35:41.926158,226.213.204.135
139,24,2024-09-28 13:18:41.926158,207.151.31.232
140,75,2024-10-12 13:01:41.926158,247.54.63.249
141,9,2024-10-19 11:49:41.926158,140.235.170.104
142,76,2024-10-07 23:22:41.926158,206.62.67.234
143,55,2024-10-19 06:59:41.926158,169.19.3.112
144,87,2024-10-13 05:34:41.926158,254.90.28.175
145,23,2024-10-15 13:50:41.926158,214.1.84.203
146,68,2024-10-04 05:33:41.926158,210.44.157.166
147,3,2024-10-28 03:41:41.926158,167.195.9.182
148,83,2024-10-26 12:55:41.926158,187.153.26.112
149,2,2024-10-27 09:04:41.927183,200.187.56.162
150,33,2024-10-05 09:51:41.927183,129.85.73.32
151,99,2024-10-24 02:03:41.927183,126.233.235.157
152,41,2024-10-10 08:40:41.927183,191.118.0.130
153,100,2024-10-17 02:00:41.927183,123.13.251.222
154,34,2024-10-23 06:54:41.927183,235.94.206.221
155,40,2024-10-16 16:38:41.927183,178.179.234.27
156,94,2024-10-13 17:58:41.927183,191.193.224.145
157,94,2024-10-28 07:58:41.927183,238.69.217.122
158,23,2024-10-06 20:53:41.927183,252.140.175.42
159,98,2024-10-11 12:41:41.927183,228.55.3.109
160,4,2024-10-08 15:54:41.927183,244.191.52.240
161,44,2024-10-16 21:16:41.927183,127.186.99.19
162,59,2024-10-01 03:17:41.927183,117.165.220.212
163,3,2024-10-11 19:25:41.927183,251.45.120.3
164,13,2024-09-30 14:14:41.927183,176.69.145.194
165,69,2024-10-26 17:58:41.927183,194.222.218.220
166,60,2024-10-16 15:55:41.927183,195.255.63.251
167,1,2024-10-14 00:41:41.927183,119.225.110.41
168,45,2024-10-01 14:37:41.927183,186.160.165.140
169,59,2024-10-26 08:36:41.927183,188.34.237.219
170,49,2024-10-28 13:15:41.927183,160.171.80.40
171,37,2024-10-22 00:06:41.927183,155.204.147.201
172,32,2024-10-21 07:42:41.927183,112.65.31.129
173,69,2024-10-04 07:47:41.927183,131.190.141.18
174,23,2024-10-02 20:21:41.927183,246.88.143.137
175,49,2024-09-30 17:56:41.927183,220.243.29.83
176,54,2024-10-04 09:27:41.927183,251.156.84.249
177,52,2024-10-13 15:40:41.927183,110.154.100.3
178,18,2024-10-17 00:11:41.927183,159.166.169.203
179,56,2024-09-28 21:27:41.927183,149.10.184.77
180,27,2024-10-27 18:47:41.927183,137.182.125.204
181,65,2024-10-19 15:21:41.927183,243.242.64.39
182,42,2024-10-03 06:20:41.927183,246.106.67.247
183,14,2024-10-12 12:33:41.927183,135.160.224.96
184,59,2024-10-08 13:41:41.927183,224.32.45.11
185,89,2024-10-28 22:02:41.927183,173.8.82.223
186,60,2024-09-30 07:38:41.927183,124.171.104.220
187,20,2024-10-25 16:36:41.927183,159.97.177.22
188,16,2024-10-06 07:46:41.927183,214.117.41.27
189,52,2024-10-23 06:08:41.927183,202.95.65.34
190,86,2024-10-09 04:08:41.927183,151.55.140.3
191,31,2024-09-30 03:28:41.927183,224.234.212.23
192,3,2024-10-08 17:26:41.927183,197.97.122.178
193,97,2024-10-12 11:59:41.927183,131.127.97.58
194,5,2024-10-24 22:35:41.927183,230.85.163.228
195,33,2024-10-09 01:32:41.927183,226.48.246.104
196,2,2024-10-27 03:31:41.927183,153.41.31.63
197,52,2024-10-13 17:02:41.927183,111.89.149.210
198,5,2024-09-29 02:10:41.927183,247.45.179.222
199,8,2024-10-15 17:12:41.927183,136.149.194.114
200,43,2024-10-02 18:23:41.927183,156.188.122.27
201,32,2024-10-15 15:31:41.927183,175.52.255.68
202,67,2024-10-17 11:19:41.927183,114.105.79.147
203,54,2024-10-27 02:57:41.927183,223.39.222.139
204,69,2024-10-06 20:17:41.927183,137.209.219.125
205,61,2024-10-06 01:06:41.927183,249.225.243.201
206,92,2024-10-16 19:16:41.927183,106.72.51.48
207,28,2024-10-17 05:14:41.927183,194.131.86.215
208,16,2024-10-25 23:03:41.927183,196.61.66.46
209,93,2024-10-20 14:26:41.927183,234.113.164.39
210,16,2024-10-03 02:26:41.927183,194.76.132.234
211,70,2024-10-04 03:57:41.927183,115.118.196.6
212,99,2024-10-08 14:33:41.927183,214.106.106.17
213,6,2024-09-29 09:56:41.927183,245.212.23.20
214,80,2024-10-19 21:43:41.927183,158.194.51.191
215,56,2024-10-23 04:35:41.927183,218.173.168.52
216,50,2024-10-13 23:27:41.927183,119.146.227.108
217,21,2024-10-28 06:48:41.927183,243.241.119.174
218,95,2024-09-30 18:18:41.927183,244.211.206.201
219,64,2024-10-02 12:55:41.927183,241.19.56.99
220,9,2024-10-16 08:47:41.927183,127.146.89.100
221,97,2024-10-04 23:46:41.927183,245.241.16.148
222,17,2024-10-07 12:20:41.927183,109.68.220.114
223,3,2024-10-14 08:20:41.927183,115.80.89.206
224,5,2024-10-27 13:00:41.927183,135.141.25.77
225,9,2024-10-03 11:56:41.927183,208.198.203.82
226,39,2024-10-11 23:39:41.927183,196.53.216.37
227,55,2024-10-06 05:25:41.927183,180.140.170.99
228,82,2024-10-26 12:05:41.927183,207.78.68.77
229,11,2024-09-30 18:18:41.927183,117.166.156.156
230,94,2024-10-14 04:44:41.927183,193.187.170.126
231,29,2024-09-28 13:15:41.927183,211.53.35.86
232,82,2024-10-01 18:43:41.927183,231.111.160.151
233,39,2024-10-14 05:23:41.927183,106.70.240.205
234,82,2024-10-06 10:30:41.927183,147.70.116.95
235,23,2024-10-22 19:13:41.927183,219.244.166.35
236,99,2024-10-05 16:36:41.927183,106.230.180.113
237,14,2024-10-24 11:32:41.927183,187.235.50.127
238,92,2024-10-19 00:13:41.927183,163.33.99.199
239,85,2024-10-17 00:23:41.927183,123.208.177.87
240,18,2024-10-03 15:00:41.927183,180.151.119.151
241,81,2024-10-09 14:56:41.927183,134.8.21.249
242,77,2024-10-26 22:20:41.927183,138.176.25.96
243,78,2024-10-28 23:25:41.927183,101.229.250.209
244,54,2024-09-29 16:42:41.927183,146.220.90.243
245,62,2024-10-13 00:39:41.927183,233.17.172.19
246,8,2024-10-02 19:19:41.927183,236.14.135.142
247,35,2024-10-12 00:31:41.927183,192.52.3.89
248,67,2024-10-04 16:13:41.927183,241.115.165.188
249,72,2024-10-19 15:20:41.927183,139.241.23.17
250,50,2024-10-07 00:28:41.927183,101.154.68.39
251,22,2024-10-10 10:20:41.927183,213.5.235.132
252,25,2024-10-14 01:41:41.927183,116.74.16.134
253,41,2024-10-14 07:15:41.927183,128.1.122.150
254,83,2024-10-03 02:05:41.927183,182.18.18.170
255,20,2024-10-26 09:32:41.927183,208.122.75.189
256,66,2024-10-11 14:09:41.927183,111.216.234.55
257,40,2024-09-30 00:17:41.927183,242.18.239.25
258,4,2024-09-30 10:52:41.927183,134.115.152.122
259,61,2024-10-19 02:16:41.928305,134.189.46.203
260,76,2024-10-06 21:34:41.928305,138.27.214.74
261,87,2024-10-02 15:37:41.928305,255.183.190.235
262,38,2024-10-03 19:42:41.928305,133.97.121.155
263,31,2024-10-01 03:16:41.928305,248.51.106.170
264,52,2024-10-17 18:59:41.928305,156.70.99.254
265,78,2024-10-01 11:55:41.928305,106.249.142.139
266,50,2024-10-16 05:43:41.928305,211.9.234.22
267,16,2024-10-14 13:27:41.928305,151.225.164.156
268,56,2024-10-26 18:08:41.928305,142.57.233.244
269,47,2024-10-14 20:18:41.928305,250.65.183.108
270,44,2024-10-28 03:18:41.928305,144.167.195.77
271,42,2024-10-19 22:04:41.928305,242.40.76.138
272,26,2024-10-16 02:01:41.928305,192.47.52.189
273,4,2024-10-20 19:15:41.928305,158.178.126.6
274,66,2024-10-02 15:17:41.928305,119.235.17.94
275,52,2024-10-23 21:33:41.928305,169.125.239.140
276,88,2024-10-02 09:41:41.928305,129.141.221.254
277,63,2024-10-14 18:44:41.928305,255.251.130.83
278,78,2024-09-30 10:34:41.928305,121.222.139.183
279,14,2024-10-28 04:47:41.928305,168.150.103.76
280,76,2024-10-11 19:18:41.928305,106.218.162.73
281,64,2024-10-09 17:32:41.928305,184.15.13.89
282,38,2024-10-02 13:20:41.928305,163.59.50.227
283,8,2024-10-13 06:21:41.928305,212.196.248.191
284,54,2024-10-05 10:29:41.928305,177.17.252.203
285,2,2024-10-01 06:49:41.928305,100.201.176.71
286,39,2024-10-06 08:32:41.928305,130.120.3.203
287,24,2024-10-02 20:24:41.928305,243.25.206.184
288,35,2024-10-23 05:18:41.928305,210.22.206.18
289,32,2024-10-06 04:20:41.928305,168.191.155.110
290,57,2024-10-24 19:48:41.928305,170.18.3.104
291,87,2024-10-19 04:22:41.928305,101.29.52.87
292,38,2024-10-19 20:09:41.928305,248.110.28.30
293,8,2024-10-23 21:34:41.928305,121.31.175.72
294,13,2024-10-09 06:02:41.928305,166.42.109.242
295,89,2024-10-27 03:19:41.928305,236.129.251.251
296,63,2024-10-17 13:09:41.928305,148.107.108.209
297,71,2024-10-05 20:21:41.928305,193.201.178.27
298,13,2024-10-06 07:52:41.928305,148.33.250.85
299,40,2024-10-26 11:39:41.928305,237.6.67.190
300,74,2024-09-28 15:02:41.928305,232.154.42.182
301,35,2024-10-25 11:49:41.928305,199.154.235.152
302,15,2024-10-22 04:29:41.928305,139.118.187.69
303,68,2024-10-02 12:30:41.928305,176.190.137.28
304,53,2024-10-19 15:20:41.928305,222.181.182.206
305,76,2024-10-14 05:13:41.928305,182.90.156.3
306,66,2024-10-19 00:22:41.928305,169.173.4.80
307,28,2024-10-08 10:30:41.928305,104.61.39.201
308,39,2024-10-23 06:20:41.928305,237.212.136.160
309,79,2024-10-22 13:09:41.928305,210.68.209.210
310,35,2024-10-24 05:13:41.928305,119.14.206.227
311,35,2024-10-19 10:03:41.928305,149.95.223.197
312,91,2024-10-19 15:11:41.928305,113.169.144.7
313,61,2024-09-28 20:05:41.928305,127.148.192.199
314,18,2024-10-15 18:41:41.928305,179.135.210.25
315,81,2024-10-03 02:03:41.928305,184.117.214.201
316,99,2024-10-02 06:55:41.928305,141.207.133.139
317,36,2024-10-01 03:20:41.928305,110.43.191.141
318,40,2024-10-13 11:01:41.928305,228.250.30.63
319,32,2024-10-02 21:50:41.928305,170.75.93.248
320,24,2024-10-08 19:56:41.928305,231.183.37.21
321,71,2024-10-27 07:52:41.928305,100.151.44.227
322,81,2024-10-18 22:37:41.928305,162.215.3.107
323,96,2024-10-21 17:46:41.928305,113.187.195.61
324,97,2024-10-14 17:30:41.928305,171.65.181.168
325,85,2024-10-06 01:36:41.928305,165.201.38.27
326,40,2024-10-15 17:20:41.928305,220.185.207.53
327,21,2024-10-10 14:43:41.928305,196.70.186.50
328,41,2024-10-20 15:33:41.928305,161.253.236.177
329,42,2024-10-03 23:16:41.928305,176.204.247.23
330,26,2024-10-02 10:32:41.928305,201.173.15.253
331,90,2024-10-23 13:15:41.928305,196.164.91.70
332,68,2024-10-23 02:03:41.928305,237.120.167.181
333,21,2024-10-01 23:15:41.928305,131.24.184.71
334,95,2024-10-08 06:50:41.928305,240.157.49.106
335,83,2024-10-26 00:02:41.928305,223.45.49.19
336,84,2024-10-02 08:43:41.928305,215.60.68.183
337,91,2024-10-12 07:53:41.928305,220.2.16.162
338,24,2024-10-04 09:23:41.928305,108.97.111.16
339,79,2024-10-20 00:51:41.928305,204.243.9.17
340,85,2024-10-13 14:57:41.928305,116.86.55.224
341,22,2024-10-09 06:26:41.928305,192.3.108.203
342,5,2024-10-04 22:29:41.928305,150.208.179.127
343,100,2024-10-28 19:02:41.928305,136.187.125.173
344,4,2024-10-13 21:32:41.928305,191.137.73.124
345,86,2024-10-04 16:21:41.928305,155.70.242.39
346,27,2024-10-16 10:57:41.928305,105.133.121.205
347,21,2024-10-20 22:03:41.928305,119.13.190.26
348,50,2024-10-11 19:30:41.928305,228.53.7.197
349,71,2024-10-18 12:41:41.928305,229.240.64.100
350,46,2024-10-10 23:07:41.928305,184.100.24.35
351,69,2024-09-29 03:16:41.928305,108.88.41.211
352,93,2024-10-07 09:38:41.928305,155.177.26.166
353,47,2024-10-10 19:18:41.928305,156.246.135.14
354,85,2024-10-20 00:51:41.928305,143.236.218.154
355,51,2024-10-02 10:53:41.928305,157.225.54.227
356,19,2024-10-19 19:18:41.928305,155.174.152.101
357,38,2024-10-14 19:21:41.928305,124.187.184.231
358,17,2024-10-23 12:55:41.928305,238.150.136.146
359,20,2024-10-18 20:31:41.928305,137.30.192.228
360,37,2024-10-15 13:26:41.928305,128.130.173.242
361,99,2024-10-29 03:45:41.928305,102.183.124.48
362,16,2024-09-29 13:44:41.928305,188.6.250.178
363,80,2024-10-17 15:35:41.928305,252.238.192.253
364,16,2024-10-11 00:18:41.928305,254.146.108.98
365,55,2024-10-21 18:03:41.928305,140.234.66.237
366,77,2024-10-28 18:11:41.928305,215.139.17.116
367,60,2024-10-04 00:47:41.928305,136.182.184.130
368,9,2024-10-23 08:40:41.928305,177.51.83.33
369,6,2024-10-04 20:08:41.928305,231.20.127.141
370,8,2024-10-06 22:54:41.928305,127.135.246.93
371,37,2024-10-11 12:30:41.928305,129.255.129.71
372,92,2024-09-28 18:47:41.928305,102.196.129.186
373,30,2024-10-03 07:07:41.928305,218.185.40.110
374,2,2024-10-08 02:01:41.928305,123.142.58.19
375,21,2024-10-23 02:00:41.928305,214.96.250.25
376,3,2024-10-29 07:33:41.928305,218.21.182.233
377,4,2024-10-03 14:17:41.928305,192.37.172.221
378,4,2024-10-25 05:00:41.928305,137.255.197.108
379,46,2024-10-03 05:02:41.928305,109.137.145.94
380,29,2024-10-17 14:20:41.928305,110.45.79.246
381,69,2024-10-01 06:59:41.928305,155.3.161.96
382,46,2024-10-27 20:24:41.928305,221.50.179.124
383,77,2024-10-15 09:00:41.928305,111.19.199.73
384,72,2024-10-21 00:50:41.928305,137.240.15.109
385,40,2024-10-16 03:49:41.928305,101.142.87.37
386,55,2024-10-20 15:46:41.928305,128.193.139.72
387,1,2024-10-15 14:25:41.928305,242.125.226.38
388,51,2024-10-18 06:05:41.928305,242.114.113.1
389,32,2024-10-13 13:26:41.928305,188.112.12.219
390,73,2024-10-07 06:28:41.928305,137.138.255.76
391,50,2024-09-30 08:58:41.928305,244.157.1.112
392,19,2024-10-05 19:33:41.928305,224.31.42.9
393,60,2024-10-13 11:14:41.928305,227.55.122.22
394,2,2024-10-19 09:15:41.928305,157.96.87.196
395,4,2024-10-22 22:11:41.928305,131.239.174.130
396,88,2024-09-30 10:10:41.928305,155.82.78.69
397,81,2024-10-21 06:13:41.928305,154.19.188.249
398,21,2024-10-14 04:12:41.928305,213.46.155.140
399,40,2024-10-28 12:40:41.928305,164.7.247.57
400,44,2024-09-28 17:08:41.928305,120.97.150.121
401,28,2024-10-01 20:26:41.928305,185.192.15.246
402,81,2024-10-06 05:41:41.928305,192.199.153.70
403,45,2024-10-18 07:15:41.928305,199.226.68.136
404,85,2024-10-16 11:36:41.928305,191.152.160.202
405,37,2024-10-17 15:36:41.928305,209.75.247.107
406,57,2024-09-30 16:37:41.928305,146.207.15.139
407,77,2024-09-29 15:10:41.928305,229.212.102.60
408,2,2024-10-19 16:11:41.928305,125.96.199.80
409,79,2024-10-20 16:20:41.928305,180.205.245.52
410,20,2024-10-23 09:59:41.928305,112.30.5.29
411,96,2024-10-05 18:15:41.928305,105.86.68.91
412,50,2024-10-18 21:50:41.928305,203.72.207.47
413,73,2024-10-20 11:57:41.928305,102.145.213.164
414,95,2024-10-14 12:21:41.928305,241.56.217.61
415,90,2024-10-27 16:23:41.928305,150.106.163.63
416,73,2024-10-24 08:13:41.928305,104.210.16.149
417,71,2024-10-19 06:23:41.928305,122.114.148.155
418,29,2024-10-05 10:36:41.928305,122.18.199.24
419,90,2024-09-29 17:05:41.928305,183.15.28.144
420,87,2024-10-21 01:51:41.928305,206.251.184.136
421,80,2024-10-01 06:05:41.928305,109.4.152.137
422,36,2024-10-08 18:17:41.928305,242.113.150.124
423,41,2024-09-29 00:28:41.928305,113.213.102.227
424,97,2024-10-27 09:25:41.928305,116.237.175.10
425,62,2024-10-13 18:11:41.928305,194.195.121.34
426,71,2024-10-08 15:06:41.928305,159.56.203.6
427,4,2024-10-26 22:16:41.928305,199.83.174.47
428,46,2024-10-15 18:15:41.928305,231.108.172.167
429,88,2024-10-19 19:51:41.928305,164.161.52.208
430,15,2024-10-14 03:35:41.928305,175.1.79.219
431,75,2024-10-14 04:40:41.928305,234.26.22.185
432,81,2024-10-02 00:01:41.928305,184.196.21.197
433,23,2024-09-29 00:15:41.928305,142.109.190.205
434,23,2024-09-30 05:45:41.928305,194.166.196.84
435,70,2024-10-21 00:45:41.928305,186.91.33.77
436,80,2024-10-18 00:05:41.928305,182.116.224.160
437,10,2024-10-04 22:08:41.928305,197.221.240.217
438,46,2024-10-28 07:04:41.928305,115.102.31.122
439,60,2024-10-11 10:42:41.929405,133.211.133.58
440,18,2024-10-05 14:00:41.929405,181.73.181.131
441,87,2024-10-04 16:35:41.929405,120.215.44.229
442,95,2024-10-04 17:27:41.929405,204.186.43.232
443,53,2024-10-22 16:00:41.929405,128.96.129.184
444,35,2024-10-10 23:19:41.929405,122.98.231.67
445,5,2024-10-27 12:02:41.929405,217.243.197.106
446,58,2024-10-15 07:57:41.929405,105.170.235.67
447,56,2024-10-04 00:49:41.929405,219.126.3.29
448,12,2024-10-24 08:31:41.929405,243.73.118.141
449,92,2024-10-09 23:51:41.929405,221.138.18.35
450,76,2024-10-02 13:59:41.929405,193.136.128.183
451,82,2024-10-25 04:03:41.929405,225.228.220.131
452,15,2024-09-29 06:06:41.929405,159.141.101.23
453,68,2024-10-05 09:50:41.929405,113.89.132.119
454,97,2024-09-28 14:17:41.929405,123.245.174.190
455,98,2024-10-01 00:37:41.929405,189.98.157.19
456,3,2024-10-02 19:21:41.929405,243.11.214.132
457,44,2024-10-14 14:46:41.929405,140.19.240.130
458,93,2024-10-06 23:28:41.929405,146.161.175.208
459,40,2024-10-04 19:58:41.929405,108.84.179.99
460,45,2024-10-02 07:32:41.929405,188.209.23.176
461,36,2024-10-18 05:15:41.929405,193.132.253.173
462,97,2024-10-23 04:54:41.929405,215.48.48.192
463,26,2024-10-13 13:49:41.929405,136.155.172.73
464,88,2024-10-25 02:38:41.929405,108.30.36.148
465,77,2024-10-01 20:29:41.929405,108.160.198.173
466,65,2024-10-22 05:07:41.929405,142.83.223.77
467,57,2024-10-08 19:33:41.929405,194.179.125.208
468,29,2024-10-11 13:22:41.929405,120.178.146.169
469,30,2024-10-02 17:12:41.929405,229.37.246.166
470,8,2024-10-19 21:05:41.929405,239.155.160.186
471,66,2024-10-14 10:36:41.929405,219.129.81.97
472,77,2024-10-23 01:24:41.929405,112.173.180.138
473,38,2024-09-30 16:10:41.929405,152.208.104.163
474,56,2024-09-28 16:44:41.929405,178.57.110.159
475,96,2024-10-01 05:47:41.929405,153.20.210.84
476,20,2024-10-27 18:46:41.929405,176.112.30.97
477,92,2024-10-27 11:19:41.929405,176.47.31.229
478,28,2024-10-05 12:20:41.929405,223.12.69.174
479,67,2024-09-30 19:02:41.929405,166.4.86.33
480,55,2024-10-18 02:05:41.929405,207.105.86.76
481,78,2024-10-05 17:54:41.929405,230.192.55.38
482,70,2024-10-24 02:48:41.929405,178.216.97.61
483,6,2024-10-10 05:20:41.929405,184.138.86.162
484,6,2024-10-27 22:18:41.929405,174.73.193.244
485,81,2024-10-06 04:52:41.929405,227.149.221.31
486,93,2024-10-23 07:35:41.929405,245.248.141.134
487,59,2024-10-14 15:57:41.929405,190.118.236.7
488,26,2024-10-28 08:19:41.929405,140.24.169.58
489,1,2024-10-15 00:10:41.929405,249.216.196.167
490,53,2024-10-11 14:58:41.929405,219.190.116.77
491,93,2024-10-22 02:29:41.929405,247.108.168.112
492,30,2024-10-23 19:06:41.929405,178.209.65.223
493,80,2024-10-24 05:17:41.929405,216.65.88.95
494,83,2024-10-05 17:11:41.929405,115.21.114.18
495,62,2024-10-15 14:38:41.929405,171.54.10.85
496,87,2024-10-06 14:58:41.929405,212.9.234.179
497,54,2024-10-16 06:55:41.929405,173.62.221.100
498,21,2024-10-17 18:23:41.929405,232.72.244.169
499,80,2024-10-14 13:39:41.929405,251.214.222.99
500,52,2024-10-21 16:31:41.929405,177.145.34.231
501,60,2024-10-14 03:51:41.929405,172.217.55.3
502,42,2024-10-02 15:06:41.929405,182.205.88.42
503,15,2024-10-23 19:45:41.929405,140.117.96.24
504,20,2024-10-23 03:02:41.929405,191.211.186.249
505,58,2024-10-01 04:19:41.929405,139.189.86.90
506,38,2024-10-14 19:32:41.929405,198.74.118.6
507,98,2024-10-05 14:33:41.929405,104.64.36.227
508,14,2024-10-28 00:27:41.929405,174.86.86.244
509,48,2024-10-09 20:55:41.929405,245.88.254.122
510,41,2024-10-18 02:59:41.929405,140.105.171.19
511,21,2024-10-20 21:28:41.929405,196.197.73.209
512,31,2024-10-13 20:33:41.929405,188.126.48.218
513,97,2024-10-25 12:31:41.929405,243.32.247.102
514,90,2024-10-26 09:36:41.929405,102.91.101.117
515,20,2024-10-16 01:08:41.929405,173.80.175.11
516,41,2024-10-03 06:04:41.929405,193.124.245.169
517,80,2024-10-22 19:57:41.929405,142.162.154.130
518,71,2024-10-09 02:21:41.929405,163.244.149.100
519,43,2024-09-28 21:20:41.929405,235.68.162.36
520,64,2024-09-29 03:03:41.929405,233.190.129.11
521,8,2024-10-02 09:44:41.929405,216.189.179.42
522,56,2024-10-12 09:38:41.929405,104.16.75.212
523,26,2024-09-30 07:10:41.929405,146.237.209.165
524,38,2024-10-23 12:39:41.929405,135.212.7.229
525,43,2024-10-13 21:25:41.929405,127.36.202.85
526,92,2024-10-03 15:38:41.929405,142.195.56.29
527,42,2024-10-03 21:16:41.929405,130.235.61.240
528,25,2024-09-28 15:05:41.929405,120.14.110.118
529,51,2024-10-06 17:24:41.929405,222.29.65.47
530,53,2024-10-25 20:09:41.929405,219.117.25.67
531,59,2024-10-15 08:44:41.929405,192.117.214.170
532,56,2024-10-25 16:10:41.929405,113.110.101.234
533,83,2024-10-28 18:10:41.929405,229.79.54.221
534,29,2024-10-07 05:19:41.929405,215.99.46.131
535,65,2024-10-25 13:16:41.929405,182.174.129.102
536,20,2024-10-06 00:21:41.929405,103.135.175.198
537,68,2024-10-24 10:00:41.929405,180.121.34.18
538,74,2024-10-11 17:35:41.929405,146.192.199.225
539,41,2024-10-05 02:52:41.929405,110.88.147.19
540,67,2024-10-03 02:20:41.929405,137.198.173.219
541,82,2024-10-11 14:58:41.929405,196.231.98.214
542,41,2024-10-14 13:17:41.929405,177.2.147.184
543,62,2024-10-23 01:18:41.929405,148.91.121.240
544,66,2024-09-29 16:24:41.929405,246.182.88.185
545,27,2024-10-16 09:50:41.929405,143.200.178.128
546,49,2024-10-25 11:08:41.929405,189.241.50.6
547,9,2024-10-01 14:29:41.929405,194.182.72.36
548,35,2024-10-21 15:45:41.929405,106.155.98.102
549,86,2024-10-19 04:24:41.929405,145.7.52.26
550,12,2024-10-06 20:37:41.929405,235.135.95.88
551,83,2024-10-06 01:41:41.929405,202.229.176.39
552,92,2024-10-13 03:12:41.929405,226.43.124.197
553,35,2024-10-25 12:28:41.929405,146.231.41.185
554,5,2024-10-16 14:47:41.929405,118.222.254.58
555,35,2024-10-02 09:09:41.929405,132.31.142.184
556,34,2024-10-05 10:42:41.929405,103.233.170.87
557,18,2024-10-06 18:19:41.929405,185.36.54.114
558,37,2024-09-30 00:40:41.929405,106.26.108.178
559,18,2024-10-15 16:44:41.929405,250.215.224.216
560,11,2024-10-11 06:10:41.929405,242.187.205.149
561,81,2024-10-01 19:50:41.929405,171.84.247.236
562,80,2024-10-01 08:27:41.929405,100.169.176.140
563,93,2024-10-15 08:06:41.929405,165.21.236.94
564,10,2024-10-15 02:47:41.929405,107.45.93.43
565,15,2024-10-07 20:47:41.929405,220.14.235.185
566,8,2024-09-28 20:31:41.929405,156.9.137.133
567,53,2024-10-08 12:39:41.929405,102.167.26.203
568,96,2024-09-29 05:50:41.929405,222.74.147.38
569,75,2024-10-11 10:57:41.929405,200.198.42.81
570,60,2024-10-25 08:36:41.929405,144.20.21.126
571,35,2024-10-04 22:22:41.929405,229.3.158.186
572,50,2024-10-20 21:39:41.929405,155.57.138.150
573,11,2024-10-04 03:51:41.929405,255.124.252.38
574,78,2024-10-28 02:51:41.929405,113.159.38.127
575,67,2024-10-02 15:36:41.929405,211.202.197.16
576,32,2024-10-25 17:34:41.929405,236.179.136.84
577,2,2024-10-23 21:35:41.929405,163.90.191.139
578,49,2024-10-22 23:45:41.929405,159.137.195.124
579,50,2024-10-23 16:04:41.929405,128.225.6.187
580,23,2024-10-15 21:47:41.929405,141.31.159.134
581,46,2024-10-23 01:53:41.929405,233.215.56.241
582,70,2024-09-30 17:32:41.929405,133.2.38.161
583,42,2024-10-06 04:06:41.929405,133.233.72.189
584,35,2024-10-27 02:17:41.929405,149.198.125.224
585,31,2024-10-13 20:05:41.929405,241.210.188.19
586,62,2024-10-13 07:39:41.929405,237.246.218.116
587,46,2024-10-26 18:03:41.929405,211.206.139.184
588,47,2024-10-08 22:57:41.929405,135.227.246.152
589,39,2024-10-24 18:52:41.929405,234.208.53.229
590,23,2024-10-15 03:48:41.929405,115.27.146.8
591,25,2024-10-19 14:24:41.929405,220.81.224.154
592,86,2024-09-30 03:35:41.929405,119.216.227.1
593,86,2024-10-16 23:54:41.929405,255.231.68.22
594,11,2024-10-20 03:45:41.929405,131.154.42.141
595,83,2024-10-10 11:46:41.929405,148.100.189.186
596,79,2024-09-29 05:10:41.929405,248.177.189.7
597,1,2024-10-01 20:28:41.929405,116.191.115.26
598,4,2024-10-26 06:00:41.929405,245.167.65.88
599,68,2024-10-11 04:55:41.929405,130.141.230.226
600,45,2024-10-25 19:29:41.929405,230.44.25.181
601,85,2024-10-02 15:37:41.929405,255.165.206.207
602,1,2024-10-19 18:25:41.929405,143.215.246.210
603,12,2024-10-18 02:19:41.929405,152.43.11.227
604,69,2024-10-04 10:21:41.929405,188.98.127.187
605,34,2024-10-28 13:51:41.929405,229.68.208.179
606,69,2024-10-15 21:47:41.929405,101.141.179.3
607,41,2024-10-24 12:15:41.929405,156.172.114.69
608,48,2024-10-18 11:49:41.929405,235.192.71.212
609,55,2024-10-14 20:00:41.929405,128.163.191.37
610,78,2024-10-22 00:32:41.929405,129.72.147.60
611,51,2024-09-29 04:44:41.929405,133.22.34.174
612,43,2024-10-08 06:25:41.929405,229.152.83.2
613,94,2024-10-01 02:19:41.929405,120.75.152.56
614,54,2024-10-19 19:31:41.929405,131.103.133.249
615,9,2024-10-27 13:21:41.929405,240.225.165.127
616,13,2024-10-03 20:46:41.929405,236.143.96.69
617,40,2024-10-16 23:05:41.929405,211.233.232.87
618,93,2024-09-28 12:55:41.929405,228.174.120.227
619,15,2024-10-16 05:26:41.929405,240.71.116.122
620,15,2024-09-28 16:48:41.929405,162.194.159.118
621,60,2024-09-29 18:55:41.929405,200.149.49.210
622,40,2024-10-17 12:00:41.929405,221.231.198.61
623,83,2024-10-02 08:31:41.929405,137.110.63.222
624,70,2024-10-13 16:30:41.929405,244.232.192.215
625,35,2024-10-18 01:52:41.929405,119.120.164.183
626,63,2024-10-27 14:12:41.929405,171.16.56.227
627,91,2024-10-02 17:04:41.929405,228.239.108.198
628,56,2024-10-25 02:46:41.929405,221.32.120.145
629,13,2024-10-20 06:53:41.929405,228.158.190.134
630,34,2024-10-08 03:07:41.929405,150.87.66.126
631,86,2024-10-29 00:02:41.929405,242.254.60.207
632,54,2024-10-10 11:51:41.929405,193.116.189.197
633,91,2024-10-24 05:42:41.929405,239.88.115.157
634,12,2024-09-29 22:19:41.929405,182.187.206.125
635,32,2024-10-26 14:30:41.929405,173.65.155.101
636,68,2024-10-14 08:33:41.929405,186.1.96.203
637,5,2024-10-21 23:01:41.929405,126.146.135.254
638,99,2024-10-04 04:25:41.929405,137.52.177.92
639,23,2024-10-20 12:39:41.929405,111.154.246.20
640,41,2024-10-17 07:00:41.929405,226.149.181.95
641,21,2024-10-28 05:05:41.929405,129.148.247.60
642,90,2024-10-12 21:21:41.929405,239.61.184.182
643,24,2024-10-17 06:33:41.929405,186.28.81.144
644,76,2024-10-26 19:21:41.929405,164.118.154.254
645,70,2024-10-16 21:13:41.929405,205.225.219.118
646,93,2024-10-01 21:38:41.929405,224.92.13.198
647,78,2024-10-22 05:29:41.929405,159.37.229.2
648,54,2024-10-17 17:49:41.929405,232.202.239.215
649,1,2024-10-12 07:49:41.929405,113.0.108.9
650,79,2024-10-12 03:28:41.929405,245.72.196.49
651,79,2024-10-11 03:51:41.929405,230.206.239.39
652,72,2024-10-07 23:49:41.929405,133.138.234.229
653,75,2024-10-18 05:52:41.929405,183.68.235.160
654,24,2024-10-29 09:30:41.929405,131.111.30.16
655,62,2024-10-08 13:10:41.929405,181.76.30.54
656,64,2024-10-27 09:03:41.929405,122.90.138.199
657,61,2024-10-17 10:40:41.930408,250.219.183.253
658,79,2024-10-13 15:11:41.930408,161.0.185.7
659,82,2024-10-06 18:20:41.930408,207.46.232.103
660,6,2024-10-08 14:06:41.930408,219.76.195.111
661,34,2024-10-25 05:48:41.930408,186.60.150.120
662,78,2024-10-25 16:33:41.930408,211.60.215.74
663,72,2024-10-06 00:16:41.930408,161.147.67.115
664,94,2024-10-20 03:20:41.930408,102.190.134.94
665,78,2024-09-30 08:00:41.930408,242.7.22.221
666,61,2024-10-10 18:50:41.930408,237.217.82.43
667,65,2024-10-22 14:44:41.930408,122.38.218.43
668,64,2024-10-23 18:39:41.930408,215.253.64.8
669,17,2024-10-22 19:37:41.930408,197.85.77.146
670,3,2024-10-16 15:42:41.930408,181.189.87.154
671,44,2024-09-29 21:12:41.930408,110.242.207.229
672,31,2024-10-26 11:02:41.930408,174.178.133.110
673,25,2024-10-20 05:53:41.930408,124.240.189.49
674,32,2024-10-07 12:49:41.930408,167.207.166.139
675,37,2024-10-14 19:39:41.930408,169.102.145.83
676,95,2024-10-01 12:11:41.930408,179.187.1.176
677,99,2024-10-02 19:59:41.930408,199.239.225.123
678,91,2024-10-04 18:17:41.930408,243.219.203.216
679,62,2024-10-26 10:48:41.930408,186.112.113.222
680,55,2024-10-22 05:18:41.930408,108.244.155.116
681,100,2024-10-28 23:29:41.930408,255.100.198.235
682,48,2024-10-13 01:01:41.930408,161.146.133.126
683,59,2024-10-04 22:05:41.930408,120.13.22.92
684,64,2024-10-27 07:17:41.930408,224.56.0.43
685,42,2024-10-12 13:28:41.930408,168.158.37.85
686,27,2024-10-06 15:55:41.930408,190.170.173.24
687,51,2024-10-11 03:49:41.930408,253.100.119.10
688,22,2024-10-16 21:11:41.930408,122.107.130.211
689,64,2024-10-24 12:13:41.930408,201.102.26.113
690,87,2024-10-14 16:46:41.930408,185.150.91.15
691,28,2024-10-12 12:24:41.930408,138.86.117.4
692,85,2024-10-17 16:50:41.930408,185.122.76.105
693,19,2024-10-19 17:52:41.930408,242.104.83.73
694,42,2024-10-14 05:37:41.930408,172.130.138.39
695,64,2024-10-21 08:23:41.930408,173.156.193.42
696,92,2024-10-07 07:27:41.930408,128.217.168.87
697,55,2024-10-02 09:29:41.930408,218.159.30.117
698,42,2024-10-18 15:10:41.930408,151.153.237.165
699,52,2024-09-30 05:26:41.930408,117.171.147.170
700,41,2024-10-02 09:25:41.930408,129.171.69.115
701,27,2024-10-25 02:45:41.930408,253.41.177.187
702,66,2024-10-04 16:14:41.930408,199.237.211.69
703,36,2024-10-25 09:01:41.930408,215.237.2.5
704,53,2024-10-02 08:19:41.930408,193.193.12.144
705,65,2024-09-30 11:31:41.930408,173.114.165.191
706,24,2024-10-02 22:08:41.930408,251.216.26.68
707,80,2024-10-25 10:02:41.930408,120.7.6.93
708,79,2024-09-28 18:27:41.930408,109.248.90.56
709,1,2024-10-20 22:47:41.930408,180.197.26.89
710,65,2024-10-20 23:10:41.930408,232.59.164.162
711,29,2024-09-29 03:14:41.930408,181.61.97.226
712,99,2024-10-27 00:57:41.930408,252.163.24.50
713,37,2024-10-28 20:22:41.930408,187.233.189.61
714,12,2024-09-29 12:05:41.930408,122.40.93.221
715,31,2024-10-28 03:47:41.930408,107.231.58.169
716,21,2024-10-17 23:10:41.930408,209.212.67.145
717,94,2024-10-20 09:21:41.930408,135.37.57.161
718,36,2024-10-25 05:22:41.930408,235.214.24.111
719,70,2024-10-01 09:26:41.930408,161.114.78.179
720,7,2024-10-22 18:59:41.930408,143.122.143.39
721,48,2024-10-19 09:57:41.930408,128.43.13.31
722,41,2024-10-26 21:43:41.930408,160.225.170.44
723,35,2024-10-28 16:32:41.930408,113.240.55.239
724,20,2024-10-11 06:02:41.930408,222.149.180.86
725,96,2024-10-25 15:48:41.930408,124.232.62.168
726,5,2024-10-04 14:11:41.930408,113.168.44.93
727,58,2024-10-07 02:29:41.930408,239.11.73.22
728,11,2024-10-14 12:56:41.930408,247.33.91.1
729,73,2024-10-29 06:22:41.930408,181.163.17.26
730,7,2024-10-14 01:17:41.930408,224.93.13.82
731,62,2024-09-30 23:37:41.930408,172.53.236.45
732,86,2024-10-21 04:04:41.930408,147.4.75.198
733,9,2024-10-21 04:07:41.930408,115.91.211.213
734,89,2024-09-29 23:22:41.930408,145.170.110.75
735,82,2024-10-15 20:33:41.930408,105.152.2.28
736,11,2024-10-14 21:44:41.930408,146.6.10.99
737,70,2024-10-24 10:18:41.930408,192.240.7.35
738,63,2024-09-29 08:11:41.930408,212.7.147.36
739,45,2024-10-18 17:52:41.930408,116.170.218.34
740,13,2024-10-09 17:15:41.930408,224.187.26.204
741,14,2024-10-12 08:00:41.930408,147.154.227.45
742,14,2024-10-20 03:41:41.930408,144.211.12.38
743,99,2024-10-26 23:14:41.930408,184.36.131.90
744,80,2024-10-04 03:36:41.930408,138.204.19.61
745,46,2024-10-29 11:08:41.930408,122.7.36.95
746,54,2024-09-30 20:34:41.930408,146.175.71.64
747,82,2024-09-30 09:20:41.930408,236.60.184.137
748,90,2024-10-09 02:13:41.930408,165.120.68.62
749,79,2024-10-28 08:06:41.930408,212.106.251.227
750,1,2024-10-25 15:06:41.930408,146.155.67.16
751,11,2024-10-13 04:46:41.930408,116.121.15.101
752,56,2024-10-03 22:57:41.930408,106.204.0.85
753,83,2024-10-29 04:39:41.930408,191.60.84.177
754,19,2024-10-11 05:22:41.930408,179.73.218.88
755,90,2024-10-10 15:51:41.930408,195.107.130.96
756,44,2024-10-29 06:05:41.930408,113.6.44.148
757,65,2024-10-23 07:16:41.930408,200.244.94.184
758,81,2024-10-24 22:55:41.930408,210.42.62.235
759,70,2024-10-28 07:52:41.930408,140.133.17.158
760,81,2024-10-08 14:00:41.930408,247.205.144.48
761,73,2024-10-22 16:09:41.930408,182.124.131.211
762,87,2024-10-10 01:58:41.930408,133.97.200.110
763,56,2024-10-14 18:35:41.930408,178.32.204.248
764,72,2024-10-14 15:38:41.930408,177.202.153.88
765,67,2024-10-17 18:40:41.930408,208.157.117.52
766,13,2024-10-21 09:09:41.930408,145.96.98.250
767,34,2024-10-26 22:38:41.930408,128.128.206.3
768,50,2024-10-07 04:21:41.930408,228.151.202.109
769,85,2024-10-01 22:19:41.930408,103.0.44.38
770,35,2024-10-10 13:10:41.930408,122.209.26.245
771,18,2024-10-24 06:29:41.930408,117.12.167.83
772,4,2024-10-28 17:52:41.930408,215.201.76.177
773,90,2024-10-05 05:35:41.930408,225.43.237.171
774,72,2024-10-10 09:35:41.930408,145.56.53.28
775,36,2024-10-13 18:36:41.930408,199.119.151.89
776,15,2024-09-30 23:53:41.930408,187.44.180.195
777,20,2024-10-10 08:14:41.930408,228.52.150.175
778,33,2024-10-04 23:59:41.930408,236.21.126.134
779,49,2024-10-24 08:04:41.930408,193.28.217.2
780,99,2024-10-04 01:46:41.930408,229.27.187.160
781,74,2024-10-02 10:16:41.930408,205.46.38.105
782,40,2024-10-26 11:42:41.930408,110.154.190.74
783,6,2024-10-21 08:18:41.930408,218.244.26.241
784,77,2024-10-25 12:27:41.930408,120.209.207.192
785,7,2024-09-28 18:11:41.930408,127.85.208.1
786,22,2024-10-23 18:52:41.930408,206.205.22.232
787,24,2024-10-24 17:04:41.930408,143.6.18.53
788,58,2024-10-20 09:20:41.930408,193.62.216.198
789,13,2024-10-17 14:35:41.930408,197.255.151.100
790,82,2024-10-16 05:41:41.930408,150.255.215.185
791,45,2024-09-29 11:37:41.930408,241.3.183.112
792,75,2024-10-08 00:45:41.930408,243.138.113.128
793,96,2024-10-28 21:42:41.930408,239.228.22.133
794,3,2024-10-14 01:59:41.930408,124.250.150.223
795,19,2024-10-05 22:03:41.930408,226.39.87.96
796,53,2024-10-24 14:40:41.930408,159.172.252.202
797,43,2024-10-03 00:05:41.930408,148.79.199.146
798,30,2024-10-16 02:19:41.930408,114.144.253.23
799,92,2024-10-17 13:28:41.930408,191.61.99.115
800,69,2024-10-22 08:56:41.930408,131.142.157.169
801,81,2024-09-29 23:50:41.930408,141.78.202.236
802,32,2024-10-25 09:02:41.930408,188.92.62.224
803,15,2024-10-12 20:07:41.930408,109.10.239.144
804,63,2024-10-03 01:29:41.930408,198.66.74.198
805,37,2024-10-18 19:41:41.930408,252.163.149.103
806,9,2024-10-24 17:19:41.930408,130.228.156.199
807,29,2024-10-15 20:53:41.930408,144.164.119.163
808,37,2024-10-09 08:47:41.930408,126.213.252.48
809,24,2024-10-27 16:15:41.930408,144.205.90.199
810,82,2024-10-25 20:26:41.930408,146.29.68.28
811,23,2024-10-06 00:14:41.930408,213.154.27.106
812,23,2024-10-19 13:04:41.930408,155.8.23.126
813,66,2024-10-17 02:43:41.930408,217.227.183.84
814,1,2024-10-25 22:23:41.930408,141.94.5.70
815,32,2024-10-07 22:45:41.930408,109.60.41.54
816,95,2024-10-10 17:55:41.930408,151.247.35.177
817,40,2024-10-19 16:15:41.930408,151.159.76.223
818,78,2024-10-15 14:18:41.930408,185.196.187.253
819,76,2024-10-12 20:24:41.930408,248.219.116.154
820,11,2024-10-07 18:45:41.930408,195.91.204.241
821,26,2024-10-06 04:41:41.930408,215.242.205.241
822,24,2024-10-16 00:50:41.930408,199.155.64.196
823,70,2024-10-17 08:12:41.930408,131.240.92.123
824,94,2024-10-26 18:19:41.930408,108.102.22.24
825,83,2024-10-02 12:38:41.930408,171.81.210.23
826,51,2024-10-23 17:08:41.930408,119.241.140.79
827,9,2024-10-17 15:22:41.930408,132.194.19.93
828,96,2024-10-02 19:26:41.930408,254.56.243.24
829,3,2024-10-16 16:49:41.930408,103.20.243.145
830,42,2024-10-26 09:25:41.930408,119.231.250.138
831,59,2024-10-25 18:22:41.930408,145.248.152.168
832,68,2024-10-21 11:05:41.930408,133.113.139.243
833,13,2024-10-22 01:31:41.930408,144.196.3.43
834,5,2024-10-05 13:12:41.930408,141.205.130.0
835,42,2024-10-24 22:40:41.930408,224.215.89.182
836,61,2024-10-11 10:25:41.930408,173.65.61.65
837,98,2024-10-20 15:39:41.930408,157.146.9.175
838,83,2024-09-29 11:13:41.930408,110.19.78.80
839,73,2024-10-22 19:21:41.930408,165.128.135.16
840,51,2024-10-04 02:11:41.930408,230.215.97.81
841,50,2024-10-28 16:45:41.930408,161.192.173.31
842,68,2024-10-12 23:05:41.930408,192.36.128.232
843,81,2024-10-23 09:11:41.930408,175.66.195.252
844,44,2024-10-25 14:08:41.930408,162.160.115.169
845,71,2024-10-08 17:40:41.930408,228.74.101.215
846,4,2024-10-07 23:32:41.930408,190.241.233.201
847,34,2024-10-03 06:56:41.930408,164.15.143.39
848,66,2024-10-14 00:48:41.930408,112.11.177.63
849,12,2024-10-26 08:04:41.930408,199.237.179.53
850,4,2024-10-15 02:03:41.930408,176.137.35.220
851,70,2024-10-26 21:56:41.930408,255.120.145.51
852,30,2024-10-27 09:05:41.930408,213.179.250.30
853,25,2024-09-29 08:16:41.930408,194.202.85.31
854,36,2024-10-03 17:27:41.930408,201.23.121.210
855,15,2024-10-10 21:15:41.930408,205.128.210.2
856,3,2024-10-25 04:35:41.930408,137.102.132.102
857,65,2024-10-21 18:14:41.930408,122.238.127.137
858,99,2024-10-29 08:33:41.930408,245.139.233.43
859,4,2024-10-03 02:07:41.930408,136.248.149.106
860,51,2024-10-01 04:38:41.930408,251.217.101.96
861,18,2024-10-22 19:07:41.930408,208.26.76.124
862,3,2024-10-07 14:19:41.930408,210.154.244.106
863,29,2024-10-26 13:41:41.930408,178.131.11.126
864,100,2024-10-08 23:48:41.930408,169.61.16.88
865,23,2024-10-05 16:15:41.930408,158.224.178.101
866,66,2024-10-07 11:05:41.930408,190.151.80.123
867,20,2024-10-25 06:42:41.930408,127.126.112.73
868,63,2024-10-12 22:47:41.930408,149.109.17.74
869,86,2024-10-14 17:34:41.930408,233.128.116.218
870,10,2024-10-16 12:04:41.930408,186.152.181.234
871,90,2024-09-30 03:05:41.930408,144.104.24.17
872,55,2024-10-03 16:39:41.930408,212.133.40.234
873,98,2024-09-29 05:07:41.930408,252.98.81.72
874,6,2024-09-29 03:22:41.930408,132.12.120.14
875,2,2024-10-02 10:07:41.930408,218.204.150.113
876,29,2024-10-14 11:25:41.930408,251.74.164.251
877,62,2024-10-15 17:37:41.930408,121.186.155.123
878,43,2024-10-25 02:19:41.930408,197.90.217.117
879,76,2024-09-30 02:49:41.930408,221.240.58.32
880,32,2024-10-05 13:29:41.930408,176.37.206.159
881,74,2024-10-26 06:23:41.930408,171.146.72.15
882,76,2024-10-16 17:01:41.930408,117.232.181.15
883,29,2024-10-20 01:17:41.930408,108.167.127.230
884,11,2024-10-25 18:05:41.930408,145.224.204.4
885,1,2024-10-17 05:41:41.930408,114.215.42.7
886,9,2024-10-27 04:24:41.930408,182.55.23.241
887,30,2024-10-20 10:40:41.930408,152.66.159.120
888,23,2024-10-18 16:57:41.930408,187.145.212.38
889,99,2024-09-30 02:15:41.930408,226.253.142.195
890,87,2024-10-21 20:01:41.930408,180.237.147.126
891,89,2024-10-11 18:20:41.930408,166.29.253.54
892,44,2024-10-05 04:26:41.930408,127.140.49.110
893,40,2024-10-17 09:43:41.930408,168.17.251.123
894,97,2024-10-18 05:44:41.930408,180.2.122.195
895,13,2024-10-26 06:49:41.930408,133.101.203.106
896,78,2024-10-17 21:03:41.930408,202.72.85.75
897,7,2024-10-19 04:33:41.930408,199.99.210.225
898,11,2024-10-29 09:26:41.930408,105.157.227.245
899,92,2024-10-24 20:35:41.930408,162.111.227.191
900,94,2024-09-29 11:20:41.930408,104.14.72.222
901,67,2024-09-30 10:40:41.930408,212.75.33.255
902,29,2024-10-18 01:17:41.930408,180.70.58.253
903,65,2024-10-01 18:42:41.930408,185.104.143.97
904,18,2024-10-14 15:15:41.930408,206.33.106.138
905,35,2024-10-04 10:31:41.930408,168.2.185.43
906,75,2024-10-12 19:07:41.930408,126.125.103.250
907,71,2024-10-14 20:40:41.930408,214.51.108.55
908,21,2024-10-19 21:22:41.930408,175.116.122.129
909,63,2024-10-18 00:14:41.930408,100.25.160.147
910,88,2024-10-27 07:41:41.930408,159.217.42.199
911,93,2024-10-08 12:23:41.930408,148.167.22.53
912,90,2024-10-04 07:51:41.930408,163.198.126.65
913,54,2024-10-03 08:10:41.930408,221.250.129.176
914,48,2024-10-14 01:04:41.930408,235.185.112.136
915,24,2024-10-06 21:40:41.930408,129.96.236.33
916,23,2024-10-24 18:32:41.930408,123.67.136.30
917,41,2024-10-20 15:12:41.930408,123.148.98.35
918,41,2024-10-03 11:02:41.930408,224.220.61.218
919,92,2024-10-18 04:24:41.930408,242.241.71.117
920,59,2024-10-09 17:30:41.930408,234.123.173.132
921,53,2024-10-28 14:53:41.930408,140.112.208.165
922,28,2024-10-25 11:02:41.930408,196.32.115.236
923,94,2024-10-28 00:33:41.930408,184.124.222.8
924,59,2024-10-01 10:49:41.930408,214.31.182.34
925,12,2024-10-26 13:26:41.930408,163.111.200.211
926,29,2024-10-10 02:17:41.930408,248.143.148.59
927,8,2024-10-15 11:41:41.930408,189.27.121.21
928,65,2024-10-15 02:26:41.930408,216.242.33.1
929,72,2024-10-25 07:11:41.930408,125.223.214.246
930,7,2024-10-15 12:50:41.930408,108.53.0.60
931,100,2024-10-02 12:32:41.930408,173.67.27.252
932,30,2024-10-26 16:06:41.930408,204.147.3.98
933,100,2024-10-13 13:25:41.930408,138.167.105.1
934,90,2024-10-07 15:29:41.930408,160.107.149.147
935,31,2024-10-16 06:09:41.930408,187.120.53.10
936,5,2024-10-17 02:46:41.930408,193.110.154.152
937,24,2024-10-12 19:13:41.930408,221.103.79.247
938,46,2024-10-12 13:53:41.930408,150.211.202.157
939,76,2024-10-16 04:19:41.930408,130.194.151.159
940,26,2024-10-14 20:00:41.930408,234.187.153.41
941,73,2024-10-27 08:49:41.930408,112.86.205.161
942,90,2024-10-05 07:13:41.930408,248.152.229.152
943,30,2024-10-21 01:30:41.930408,166.199.159.100
944,63,2024-10-11 18:39:41.930408,219.127.20.152
945,8,2024-10-17 21:53:41.930408,203.130.40.228
946,40,2024-09-29 00:45:41.931408,145.74.184.6
947,51,2024-10-08 04:34:41.931408,126.186.112.82
948,18,2024-10-27 19:00:41.931408,214.19.241.222
949,75,2024-10-11 20:49:41.931408,234.92.13.218
950,5,2024-09-28 17:14:41.931408,163.159.147.163
951,35,2024-10-13 00:10:41.931408,212.111.94.115
952,8,2024-10-12 09:45:41.931408,108.181.56.165
953,2,2024-10-13 04:57:41.931408,124.213.160.236
954,5,2024-10-20 11:14:41.931408,244.0.85.58
955,15,2024-10-10 15:09:41.931408,132.139.64.177
956,6,2024-10-27 12:29:41.931408,225.137.198.156
957,78,2024-10-17 04:42:41.931408,150.76.74.246
958,58,2024-10-02 17:11:41.931408,144.98.112.61
959,1,2024-10-22 17:12:41.931408,255.43.71.60
960,17,2024-10-04 18:38:41.931408,102.152.46.243
961,3,2024-10-08 20:25:41.931408,158.62.122.22
962,27,2024-10-15 20:43:41.931408,109.219.211.4
963,24,2024-10-17 00:11:41.931408,203.67.28.8
964,31,2024-10-07 10:48:41.931408,250.101.90.182
965,25,2024-10-03 18:44:41.931408,198.53.25.142
966,56,2024-10-23 18:23:41.931408,127.27.177.120
967,88,2024-10-18 19:00:41.931408,143.197.12.203
968,28,2024-10-05 00:09:41.931408,175.124.104.150
969,79,2024-10-12 00:46:41.931408,115.168.14.241
970,31,2024-10-19 12:48:41.931408,174.152.34.193
971,13,2024-10-07 08:47:41.931408,220.89.69.197
972,17,2024-10-14 11:44:41.931408,214.223.31.242
973,11,2024-10-24 01:26:41.931408,216.67.117.92
974,62,2024-10-27 17:25:41.931408,163.245.65.180
975,83,2024-10-15 17:39:41.931408,157.180.87.245
976,100,2024-10-08 20:53:41.931408,181.190.129.35
977,66,2024-10-11 11:24:41.931408,251.127.39.29
978,65,2024-10-14 06:56:41.931408,240.147.143.29
979,55,2024-10-02 16:28:41.931408,232.150.130.220
980,28,2024-10-21 01:48:41.931408,153.147.96.238
981,47,2024-10-14 21:56:41.931408,192.21.229.98
982,39,2024-10-27 16:05:41.931408,106.95.236.94
983,87,2024-10-11 09:05:41.931408,138.127.38.124
984,29,2024-10-25 02:26:41.931408,191.252.254.147
985,40,2024-10-12 00:52:41.931408,228.111.208.207
986,55,2024-10-19 05:34:41.931408,202.70.189.156
987,8,2024-10-09 05:58:41.931408,194.196.69.228
988,31,2024-10-17 09:15:41.931408,149.236.65.47
989,21,2024-10-16 09:24:41.931408,161.93.249.116
990,21,2024-10-02 11:12:41.931408,119.91.189.81
991,56,2024-10-24 04:34:41.931408,211.10.24.107
992,90,2024-10-13 08:34:41.931408,243.133.2.55
993,95,2024-10-27 00:15:41.931408,175.152.47.220
994,32,2024-10-19 16:16:41.931408,237.216.108.129
995,45,2024-10-01 03:25:41.931408,195.182.140.71
996,56,2024-10-05 00:18:41.931408,250.99.171.169
997,98,2024-10-06 21:38:41.931408,162.0.113.196
998,75,2024-10-11 18:49:41.931408,248.207.121.15
999,40,2024-10-09 10:14:41.931408,116.53.72.117
1000,25,2024-10-21 21:41:41.931408,122.51.102.226
